year,month,city,year_month,temp_max_mean,temp_max_max,temp_max_p90,temp_max_p95,temp_min_mean,temp_range_mean,temp_departure_mean,heat_index_mean,heat_index_max,humidex_mean,humidity_mean,wind_mean,rainfall_total,rainfall_days,drought_days,dry_streak_max,aqi_mean,aqi_max,aqi_p75,n_heatwave_days,n_severe_hw_days,n_compound_days,n_triple_compound,max_consec_hot,n_high_risk_days,n_severe_risk_days,composite_mean,composite_max,composite_p75,n_days,high_risk_fraction,has_severe_day,has_compound_event,season,is_premonsoon,is_monsoon,temp_max_mean_lag1,temp_max_mean_lag2,temp_max_mean_lag12,temp_max_max_lag1,temp_max_max_lag2,temp_max_max_lag12,composite_mean_lag1,composite_mean_lag2,composite_mean_lag12,n_heatwave_days_lag1,n_heatwave_days_lag2,n_heatwave_days_lag12,n_high_risk_days_lag1,n_high_risk_days_lag2,n_high_risk_days_lag12,aqi_mean_lag1,aqi_mean_lag2,aqi_mean_lag12,rainfall_total_lag1,rainfall_total_lag2,rainfall_total_lag12,drought_days_lag1,drought_days_lag2,drought_days_lag12,heat_index_mean_lag1,heat_index_mean_lag2,heat_index_mean_lag12,high_risk_fraction_lag1,high_risk_fraction_lag2,high_risk_fraction_lag12,warming_signal,temp_max_zscore,monthly_risk_level
2017,1,Nagpur,2017-01,29.397741935483875,33.59,32.21,33.04,12.120322580645162,17.27741935483871,0.9074910394265242,30.09479425654742,34.18580043167893,23.842741935483865,47.42129032258065,1.6175806451612904,1.9,1,31.0,22.0,79.0,79.0,79.0,0,0,0,0.0,30.0,0,0,6.798000000000002,8.0,7.92,31,0.0,0,0,Winter,0,0,,,,,,,,,,,,,,,,,,,,,,,,,,,,,,,0.8968387096774251,0.5586244127556697,0
2017,2,Nagpur,2017-02,34.89714285714286,37.91,37.351,37.491,15.856785714285715,19.040357142857143,2.009347581552309,34.04170552626235,37.29186506063751,29.342142857142857,26.87321428571428,1.8701785714285717,0.78,0,28.0,50.0,79.0,79.0,79.0,0,0,0,0.0,58.0,0,0,16.30642857142857,26.15,26.15,28,0.0,0,0,Winter,0,0,29.397741935483875,,,33.59,,,6.798000000000002,,,0.0,,,0.0,,,79.0,,,1.9,,,31.0,,,30.09479425654742,,,0.0,,,2.1409002463054208,1.1702032118897572,0
2017,3,Nagpur,2017-03,38.32741935483872,44.64,42.92,43.644999999999996,19.97225806451613,18.35516129032258,0.6582437275985662,37.464481404991105,43.514350744107865,32.77241935483871,21.021612903225808,2.0701612903225803,8.09,2,24.0,56.0,79.0,79.0,79.0,9,0,12,0.0,80.0,9,0,36.57032258064516,64.64,63.040000000000006,31,0.2903225806451613,0,1,Pre-Monsoon,1,0,34.89714285714286,29.397741935483875,,37.91,33.59,,16.30642857142857,6.798000000000002,,0.0,0.0,,0.0,0.0,,79.0,79.0,,0.78,1.9,,28.0,31.0,,34.04170552626235,30.09479425654742,,0.0,0.0,,0.7503225806451681,0.5224768524391451,2
2017,4,Nagpur,2017-04,43.73266666666667,46.4,45.292,45.872,25.602,18.13066666666667,2.0970370370370333,42.29630973817559,45.17239169976762,38.177666666666674,13.724666666666668,2.6251666666666664,0.0,0,30.0,53.0,79.0,79.0,79.0,30,5,30,0.0,39.0,30,5,67.383,82.69,64.64,30,1.0,1,1,Pre-Monsoon,1,0,38.32741935483872,34.89714285714286,,44.64,37.91,,36.57032258064516,16.30642857142857,,9.0,0.0,,9.0,0.0,,79.0,79.0,,8.09,0.78,,24.0,28.0,,37.464481404991105,34.04170552626235,,0.2903225806451613,0.0,,2.6524181818181845,1.0687490316470492,3
2017,5,Nagpur,2017-05,44.52935483870967,46.99,46.27,46.83,30.17612903225806,14.353225806451611,1.8874551971326154,49.59516536461974,61.94481894293644,38.97435483870967,25.177741935483873,2.8890322580645162,33.169999999999995,7,13.0,56.0,79.0,79.0,79.0,30,16,13,0.0,68.0,30,16,71.17225806451613,82.68,79.81,31,0.967741935483871,1,1,Pre-Monsoon,1,0,43.73266666666667,38.32741935483872,,46.4,44.64,,67.383,36.57032258064516,,30.0,9.0,,30.0,9.0,,79.0,79.0,,0.0,8.09,,30.0,24.0,,42.29630973817559,37.464481404991105,,1.0,0.2903225806451613,,1.887455197132617,0.9194369793551274,3
2017,6,Nagpur,2017-06,37.34966666666667,44.02,40.925,42.335499999999996,26.72166666666667,10.627999999999998,0.019592592592590444,53.00655959320651,61.64725305255135,31.794666666666668,61.53066666666666,3.007,186.96,21,0.0,4.0,79.0,79.0,79.0,5,0,2,0.0,23.0,5,0,31.84733333333333,61.18,43.905,30,0.16666666666666666,0,1,Monsoon,0,1,44.52935483870967,43.73266666666667,,46.99,46.4,,71.17225806451613,67.383,,30.0,30.0,,30.0,30.0,,79.0,79.0,,33.169999999999995,0.0,,13.0,30.0,,49.59516536461974,42.29630973817559,,0.967741935483871,1.0,,0.019592592592594826,0.008173673555539114,2
2017,7,Nagpur,2017-07,31.472258064516126,35.57,33.74,34.305,24.187741935483867,7.284516129032259,0.3875627240143405,42.657943302822424,49.79222239591834,25.91725806451613,80.87483870967743,3.224193548387097,420.84000000000003,26,0.0,3.0,79.0,79.0,79.0,0,0,0,0.0,54.0,0,0,6.5851612903225805,24.87,6.359999999999999,31,0.0,0,0,Monsoon,0,1,37.34966666666667,44.52935483870967,,44.02,46.99,,31.84733333333333,71.17225806451613,,5.0,30.0,,5.0,30.0,,79.0,79.0,,186.96,33.169999999999995,,0.0,13.0,,53.00655959320651,49.59516536461974,,0.16666666666666666,0.967741935483871,,0.3875627240143338,0.4171298581177733,0
2017,8,Nagpur,2017-08,30.597096774193545,32.34,31.73,32.065,23.86290322580645,6.734193548387098,0.5898924731182793,41.27970412193153,48.92147971196309,25.042096774193546,84.96354838709678,2.3185483870967745,286.01,24,0.0,3.0,79.0,79.0,79.0,0,0,0,0.0,85.0,0,0,5.821935483870968,6.45,6.31,31,0.0,0,0,Monsoon,0,1,31.472258064516126,37.34966666666667,,35.57,44.02,,6.5851612903225805,31.84733333333333,,0.0,5.0,,0.0,5.0,,79.0,79.0,,420.84000000000003,186.96,,0.0,0.0,,42.657943302822424,53.00655959320651,,0.0,0.16666666666666666,,0.589892473118276,1.1201172744487091,0
2017,9,Nagpur,2017-09,30.960666666666665,32.26,31.926000000000002,32.079,23.562,7.398666666666667,0.9154074074074059,42.109757442464634,45.37521043275827,25.40566666666667,83.905,1.4126666666666667,141.12999999999997,20,0.0,3.0,80.0,98.0,79.0,0,0,0,0.0,115.0,0,0,6.028333333333335,6.7,6.4375,30,0.0,0,0,Monsoon,0,1,30.597096774193545,31.472258064516126,,32.34,35.57,,5.821935483870968,6.5851612903225805,,0.0,0.0,,0.0,0.0,,79.0,79.0,,286.01,420.84000000000003,,0.0,0.0,,41.27970412193153,42.657943302822424,,0.0,0.0,,0.9154074074074074,1.4533810009660661,0
2017,10,Nagpur,2017-10,30.480967741935483,32.4,31.76,31.92,21.21258064516129,9.268387096774193,0.7318996415770622,37.92053984832015,43.09962031537662,24.92596774193548,74.75709677419354,1.0791935483870967,43.349999999999994,12,4.0,10.0,89.70967741935483,153.0,102.5,0,0,0,0.0,146.0,0,0,6.694516129032257,11.4,8.57,31,0.0,0,0,Post-Monsoon,0,0,30.960666666666665,30.597096774193545,,32.26,32.34,,6.028333333333335,5.821935483870968,,0.0,0.0,,0.0,0.0,,80.0,79.0,,141.12999999999997,286.01,,0.0,0.0,,42.109757442464634,41.27970412193153,,0.0,0.0,,0.7318996415770584,0.5877056725459074,0
2017,11,Nagpur,2017-11,29.46033333333333,31.39,30.897,31.262999999999998,15.325666666666669,14.13466666666667,1.5479629629629617,33.57799617083383,38.811318079286266,23.905333333333335,68.203,1.450833333333333,0.23,0,30.0,40.0,145.8,228.0,160.25,0,0,0,0.0,176.0,0,0,11.26566666666667,14.54,11.71,30,0.0,0,0,Post-Monsoon,0,0,30.480967741935483,30.960666666666665,,32.4,32.26,,6.694516129032257,6.028333333333335,,0.0,0.0,,0.0,0.0,,89.70967741935483,80.0,,43.349999999999994,141.12999999999997,,4.0,0.0,,37.92053984832015,42.109757442464634,,0.0,0.0,,1.5479629629629628,0.7382765586211113,0
2017,12,Nagpur,2017-12,29.52516129032258,30.84,30.63,30.685000000000002,11.790000000000003,17.735161290322576,2.4365949820788533,31.043372352311213,34.86453724282898,23.97016129032258,52.686129032258066,1.6382258064516126,0.0,0,31.0,71.0,183.58064516129033,298.0,218.5,0,0,0,0.0,207.0,0,0,11.927419354838715,14.66,13.585,31,0.0,0,0,Winter,0,0,29.46033333333333,30.480967741935483,,31.39,32.4,,11.26566666666667,6.694516129032257,,0.0,0.0,,0.0,0.0,,145.8,89.70967741935483,,0.23,43.349999999999994,,30.0,4.0,,33.57799617083383,37.92053984832015,,0.0,0.0,,2.4365949820788515,1.549844533717188,0
2018,1,Nagpur,2018-01,30.24,33.66,31.82,32.185,11.407419354838714,18.83258064516129,1.7497491039426527,29.118609307558884,31.49398429657999,24.685000000000006,30.167741935483875,1.7166129032258066,0.0,0,31.0,102.0,142.06451612903226,217.0,162.0,0,0,0,0.0,238.0,0,0,10.528387096774198,13.55,10.6,31,0.0,0,0,Winter,0,0,29.52516129032258,29.46033333333333,29.397741935483875,30.84,31.39,33.59,11.927419354838715,11.26566666666667,6.798000000000002,0.0,0.0,0.0,0.0,0.0,0.0,183.58064516129033,145.8,79.0,0.0,0.23,1.9,31.0,30.0,31.0,31.043372352311213,33.57799617083383,30.09479425654742,0.0,0.0,0.0,1.7390967741935484,1.0832515409137282,0
2018,2,Nagpur,2018-02,33.2725,37.32,36.493,36.887,16.525357142857143,16.747142857142855,0.38470472440945175,33.478842678282334,37.41154820077867,27.7175,35.71142857142857,1.6285714285714286,21.82,3,19.0,112.0,122.0,189.0,145.25,0,0,0,0.0,266.0,0,0,13.240357142857144,29.8,11.59,28,0.0,0,0,Winter,0,0,30.24,29.52516129032258,34.89714285714286,33.66,30.84,37.91,10.528387096774198,11.927419354838715,16.30642857142857,0.0,0.0,0.0,0.0,0.0,0.0,142.06451612903226,183.58064516129033,79.0,0.0,0.0,0.78,31.0,31.0,28.0,29.118609307558884,31.043372352311213,34.04170552626235,0.0,0.0,0.0,0.5162573891625613,0.2821831871907146,0
2018,3,Nagpur,2018-03,38.477096774193555,42.41,40.32,42.19,21.795161290322586,16.68193548387097,0.8079211469534051,37.772453383417584,39.882865559111,32.922096774193555,22.158387096774195,1.8066129032258065,2.6799999999999997,1,24.0,30.0,130.06451612903226,224.0,164.5,6,0,15,6.0,291.0,9,0,42.773548387096774,68.36,50.379999999999995,31,0.2903225806451613,0,1,Pre-Monsoon,1,0,33.2725,30.24,38.32741935483872,37.32,33.66,44.64,13.240357142857144,10.528387096774198,36.57032258064516,0.0,0.0,9.0,0.0,0.0,9.0,122.0,142.06451612903226,79.0,21.82,0.0,8.09,19.0,31.0,24.0,33.478842678282334,29.118609307558884,37.464481404991105,0.0,0.0,0.2903225806451613,0.9000000000000057,0.6267026733900304,2
2018,4,Nagpur,2018-04,42.06633333333333,46.18,44.515,45.396499999999996,25.409333333333333,16.657,0.43070370370370015,44.365866923740484,52.78941523767107,36.51133333333334,24.027,2.1593333333333335,19.34,5,18.0,24.0,91.86666666666666,168.0,109.5,24,2,18,2.0,15.0,24,2,61.17533333333333,82.87,67.25,30,0.8,1,1,Pre-Monsoon,1,0,38.477096774193555,33.2725,43.73266666666667,42.41,37.32,46.4,42.773548387096774,13.240357142857144,67.383,6.0,0.0,30.0,9.0,0.0,30.0,130.06451612903226,122.0,79.0,2.6799999999999997,21.82,0.0,24.0,19.0,30.0,37.772453383417584,33.478842678282334,42.29630973817559,0.2903225806451613,0.0,1.0,0.9860848484848503,0.3973269502388938,3
2018,5,Nagpur,2018-05,44.5574193548387,46.08,45.85,45.945,29.87225806451613,14.68516129032258,1.915519713261647,50.296746384409026,64.43812591436138,39.002419354838715,25.912903225806456,2.8117741935483873,30.560000000000002,6,20.0,18.0,101.61290322580645,231.0,112.0,30,12,20,1.0,41.0,30,12,71.39225806451614,86.49,83.025,31,0.967741935483871,1,1,Pre-Monsoon,1,0,42.06633333333333,38.477096774193555,44.52935483870967,46.18,42.41,46.99,61.17533333333333,42.773548387096774,71.17225806451613,24.0,6.0,30.0,24.0,9.0,30.0,91.86666666666666,130.06451612903226,79.0,19.34,2.6799999999999997,33.169999999999995,18.0,24.0,13.0,44.365866923740484,37.772453383417584,49.59516536461974,0.8,0.2903225806451613,0.967741935483871,1.915519713261645,0.9331080609129504,3
2018,6,Nagpur,2018-06,35.90866666666667,41.54,40.864000000000004,41.2065,25.76633333333333,10.142333333333335,-1.42140740740741,51.14260305011991,61.351498754076,30.353666666666662,66.81633333333333,3.0021666666666667,242.20000000000002,22,0.0,6.0,57.0,88.0,64.0,4,0,1,0.0,24.0,4,0,24.745999999999995,61.31,42.855,30,0.13333333333333333,0,1,Monsoon,0,1,44.5574193548387,42.06633333333333,37.34966666666667,46.08,46.18,44.02,71.39225806451614,61.17533333333333,31.84733333333333,30.0,24.0,5.0,30.0,24.0,5.0,101.61290322580645,91.86666666666666,79.0,30.560000000000002,19.34,186.96,20.0,18.0,0.0,50.296746384409026,44.365866923740484,53.00655959320651,0.967741935483871,0.8,0.16666666666666666,-1.4214074074074077,-0.5929853378344885,1
2018,7,Nagpur,2018-07,30.108064516129033,32.97,31.57,32.394999999999996,23.8741935483871,6.233870967741937,-0.9766308243727561,39.67218394735296,47.7051616605382,24.553064516129027,85.4690322580645,3.446290322580645,400.06999999999994,25,0.0,3.0,53.70967741935484,79.0,63.5,0,0,0,0.0,55.0,0,0,4.725483870967742,6.61,6.12,31,0.0,0,0,Monsoon,0,1,35.90866666666667,44.5574193548387,31.472258064516126,41.54,46.08,35.57,24.745999999999995,71.39225806451614,6.5851612903225805,4.0,30.0,0.0,4.0,30.0,0.0,57.0,101.61290322580645,79.0,242.20000000000002,30.560000000000002,420.84000000000003,0.0,20.0,0.0,51.14260305011991,50.296746384409026,42.657943302822424,0.13333333333333333,0.967741935483871,0.0,-0.9766308243727586,-1.0511379241647243,0
2018,8,Nagpur,2018-08,29.722903225806455,31.7,31.36,31.494999999999997,23.416129032258063,6.306774193548387,-0.284301075268818,38.67080528215842,45.43727547787651,24.167903225806455,86.39032258064518,3.228387096774193,236.24,24,2.0,7.0,56.29032258064516,117.0,67.0,0,0,0,0.0,86.0,0,0,4.793225806451612,10.51,5.34,31,0.0,0,0,Monsoon,0,1,30.108064516129033,35.90866666666667,30.597096774193545,32.97,41.54,32.34,4.725483870967742,24.745999999999995,5.821935483870968,0.0,4.0,0.0,0.0,4.0,0.0,53.70967741935484,57.0,79.0,400.06999999999994,242.20000000000002,286.01,0.0,0.0,0.0,39.67218394735296,51.14260305011991,41.27970412193153,0.0,0.13333333333333333,0.0,-0.28430107526881443,-0.5398450735768093,0
2018,9,Nagpur,2018-09,30.17733333333333,32.05,31.823,31.883,21.931666666666665,8.245666666666667,0.13207407407407257,38.71882627168361,44.76261079681204,24.622333333333337,81.994,2.105666666666666,97.34,10,7.0,12.0,60.93333333333333,96.0,73.0,0,0,0,0.0,116.0,0,0,5.270333333333334,8.87,6.415,30,0.0,0,0,Monsoon,0,1,29.722903225806455,30.108064516129033,30.960666666666665,31.7,32.97,32.26,4.793225806451612,4.725483870967742,6.028333333333335,0.0,0.0,0.0,0.0,0.0,0.0,56.29032258064516,53.70967741935484,80.0,236.24,400.06999999999994,141.12999999999997,2.0,0.0,0.0,38.67080528215842,39.67218394735296,42.109757442464634,0.0,0.0,0.0,0.13207407407407246,0.20969237131594626,0
2018,10,Nagpur,2018-10,32.513548387096776,34.57,33.9,33.95,19.411935483870963,13.10161290322581,2.7644802867383524,40.476270525382546,44.42550850005974,26.958548387096773,66.29258064516128,1.3101612903225808,0.26,0,31.0,37.0,98.80645161290323,146.0,105.5,0,0,0,0.0,147.0,0,0,10.065161290322584,12.68,11.66,31,0.0,0,0,Post-Monsoon,0,0,30.17733333333333,29.722903225806455,30.480967741935483,32.05,31.7,32.4,5.270333333333334,4.793225806451612,6.694516129032257,0.0,0.0,0.0,0.0,0.0,0.0,60.93333333333333,56.29032258064516,89.70967741935483,97.34,236.24,43.349999999999994,7.0,2.0,4.0,38.71882627168361,38.67080528215842,37.92053984832015,0.0,0.0,0.0,2.764480286738351,2.21984088236011,0
2018,11,Nagpur,2018-11,32.75966666666667,34.16,33.772,33.979,16.315666666666665,16.444,4.847296296296295,36.86325775240789,44.099592927182094,27.20466666666666,52.454333333333345,1.3766666666666667,0.61,0,30.0,67.0,156.16666666666666,226.0,206.75,0,0,0,0.0,177.0,0,0,11.858666666666664,14.64,13.9025,30,0.0,0,0,Post-Monsoon,0,0,32.513548387096776,30.17733333333333,29.46033333333333,34.57,32.05,31.39,10.065161290322584,5.270333333333334,11.26566666666667,0.0,0.0,0.0,0.0,0.0,0.0,98.80645161290323,60.93333333333333,145.8,0.26,97.34,0.23,31.0,7.0,30.0,40.476270525382546,38.71882627168361,33.57799617083383,0.0,0.0,0.0,4.8472962962962995,2.3118416356658753,0
2018,12,Nagpur,2018-12,28.354193548387098,31.02,30.38,30.57,12.220967741935484,16.133225806451613,1.2656272401433695,29.50652433072875,34.41098121755182,22.799193548387095,51.23935483870968,1.7917741935483873,15.77,3,17.0,75.0,162.32258064516128,259.0,199.0,0,0,0,0.0,208.0,0,0,9.75,14.54,11.145,31,0.0,0,0,Winter,0,0,32.75966666666667,32.513548387096776,29.52516129032258,34.16,34.57,30.84,11.858666666666664,10.065161290322584,11.927419354838715,0.0,0.0,0.0,0.0,0.0,0.0,156.16666666666666,98.80645161290323,183.58064516129033,0.61,0.26,0.0,30.0,31.0,31.0,36.86325775240789,40.476270525382546,31.043372352311213,0.0,0.0,0.0,1.2656272401433704,0.8050272918916713,0
2019,1,Nagpur,2019-01,28.530967741935484,31.98,30.63,31.235,10.703870967741933,17.82709677419355,0.040716845878137065,28.142963942383105,30.81681536296752,22.97596774193549,39.34612903225806,1.7820967741935485,19.020000000000003,2,24.0,38.0,186.19354838709677,278.0,218.0,0,0,0,0.0,239.0,0,0,10.981612903225807,13.67,13.63,31,0.0,0,0,Winter,0,0,28.354193548387098,32.75966666666667,30.24,31.02,34.16,33.66,9.75,11.858666666666664,10.528387096774198,0.0,0.0,0.0,0.0,0.0,0.0,162.32258064516128,156.16666666666666,142.06451612903226,15.77,0.61,0.0,17.0,30.0,31.0,29.50652433072875,36.86325775240789,29.118609307558884,0.0,0.0,0.0,0.030064516129034047,0.01872663666960333,0
2019,2,Nagpur,2019-02,32.58857142857143,37.53,36.434,37.126000000000005,14.52857142857143,18.06,-0.2992238470191198,32.6683942785467,41.61051389795128,27.033571428571427,33.955,2.010357142857143,6.42,1,20.0,19.0,163.17857142857142,276.0,180.0,0,0,0,0.0,267.0,0,0,15.093928571428572,30.2,17.09,28,0.0,0,0,Winter,0,0,28.530967741935484,28.354193548387098,33.2725,31.98,31.02,37.32,10.981612903225807,9.75,13.240357142857144,0.0,0.0,0.0,0.0,0.0,0.0,186.19354838709677,162.32258064516128,122.0,19.020000000000003,15.77,21.82,24.0,17.0,19.0,28.142963942383105,29.50652433072875,33.478842678282334,0.0,0.0,0.0,-0.1676711822660124,-0.0916480608415276,0
2019,3,Nagpur,2019-03,37.675806451612914,43.21,40.68,41.67,20.17967741935483,17.496129032258068,0.006630824372760435,38.27411478775461,43.18929554203552,32.12080645161291,27.673225806451615,2.200806451612903,11.399999999999999,4,17.0,15.0,122.54838709677419,236.0,127.5,5,0,12,0.0,291.0,6,0,37.12612903225807,67.22,48.725,31,0.1935483870967742,0,1,Pre-Monsoon,1,0,32.58857142857143,28.530967741935484,38.477096774193555,37.53,31.98,42.41,15.093928571428572,10.981612903225807,42.773548387096774,0.0,0.0,6.0,0.0,0.0,9.0,163.17857142857142,186.19354838709677,130.06451612903226,6.42,19.020000000000003,2.6799999999999997,20.0,24.0,24.0,32.6683942785467,28.142963942383105,37.772453383417584,0.0,0.0,0.2903225806451613,0.09870967741936454,0.06873513192020321,2
2019,4,Nagpur,2019-04,42.96833333333333,46.04,45.632,45.873999999999995,25.962666666666664,17.005666666666666,1.3327037037037002,43.746794620477985,47.48021737354889,37.41333333333333,19.95633333333334,1.9264999999999999,7.27,3,22.0,21.0,131.3,178.0,161.5,27,5,22,8.0,19.0,27,5,67.80600000000001,87.48,68.41,30,0.9,1,1,Pre-Monsoon,1,0,37.675806451612914,32.58857142857143,42.06633333333333,43.21,37.53,46.18,37.12612903225807,15.093928571428572,61.17533333333333,5.0,0.0,24.0,6.0,0.0,24.0,122.54838709677419,163.17857142857142,91.86666666666666,11.399999999999999,6.42,19.34,17.0,20.0,18.0,38.27411478775461,32.6683942785467,44.365866923740484,0.1935483870967742,0.0,0.8,1.8880848484848443,0.7607732699609292,3
2019,5,Nagpur,2019-05,44.925806451612914,47.04,46.06,46.7,29.71322580645161,15.21258064516129,2.2839068100358415,46.56877792485382,54.61644731257675,39.37080645161289,18.82677419354839,2.8416129032258066,3.25,1,24.0,34.0,133.2258064516129,189.0,141.0,31,11,24,3.0,42.0,31,11,73.55032258064517,88.07,82.69999999999999,31,1.0,1,1,Pre-Monsoon,1,0,42.96833333333333,37.675806451612914,44.5574193548387,46.04,43.21,46.08,67.80600000000001,37.12612903225807,71.39225806451614,27.0,5.0,30.0,27.0,6.0,30.0,131.3,122.54838709677419,101.61290322580645,7.27,11.399999999999999,30.560000000000002,22.0,17.0,20.0,43.746794620477985,38.27411478775461,50.296746384409026,0.9,0.1935483870967742,0.967741935483871,2.283906810035859,1.1125606487179733,3
2019,6,Nagpur,2019-06,41.36099999999998,47.79,46.998,47.382,30.269000000000002,11.092,4.030925925925925,51.43045717484187,57.27066253075817,35.806000000000004,42.277666666666654,2.9785,105.74000000000001,12,8.0,18.0,60.0,95.0,69.0,19,8,8,0.0,54.0,19,8,52.51166666666667,83.68,75.25,30,0.6333333333333333,1,1,Monsoon,0,1,44.925806451612914,42.96833333333333,35.90866666666667,47.04,46.04,41.54,73.55032258064517,67.80600000000001,24.745999999999995,31.0,27.0,4.0,31.0,27.0,4.0,133.2258064516129,131.3,57.0,3.25,7.27,242.20000000000002,24.0,22.0,0.0,46.56877792485382,43.746794620477985,51.14260305011991,1.0,0.9,0.13333333333333333,4.0309259259259065,1.6816290385954513,3
2019,7,Nagpur,2019-07,32.25806451612903,35.48,34.87,35.21,24.858709677419355,7.399354838709678,1.1733691756272442,44.9194706819109,52.316002628068496,26.70306451612904,79.39516129032258,3.5104838709677417,346.8,22,1.0,7.0,43.96774193548387,68.0,49.0,0,0,0,0.0,39.0,0,0,6.086774193548385,26.68,4.845,31,0.0,0,0,Monsoon,0,1,41.36099999999998,44.925806451612914,30.108064516129033,47.79,47.04,32.97,52.51166666666667,73.55032258064517,4.725483870967742,19.0,31.0,0.0,19.0,31.0,0.0,60.0,133.2258064516129,53.70967741935484,105.74000000000001,3.25,400.06999999999994,8.0,24.0,0.0,51.43045717484187,46.56877792485382,39.67218394735296,0.6333333333333333,1.0,0.0,1.17336917562724,1.2628854309813793,0
2019,8,Nagpur,2019-08,29.513548387096776,31.74,30.96,31.22,23.792580645161287,5.7209677419354845,-0.49365591397849545,38.43992357642369,45.87277302712904,23.958548387096773,88.20387096774192,3.0362903225806455,382.77000000000004,27,0.0,3.0,37.32258064516129,72.0,42.5,0,0,0,0.0,70.0,0,0,3.3429032258064524,5.22,4.05,31,0.0,0,0,Monsoon,0,1,32.25806451612903,41.36099999999998,29.722903225806455,35.48,47.79,31.7,6.086774193548385,52.51166666666667,4.793225806451612,0.0,19.0,0.0,0.0,19.0,0.0,43.96774193548387,60.0,56.29032258064516,346.8,105.74000000000001,236.24,1.0,8.0,2.0,44.9194706819109,51.43045717484187,38.67080528215842,0.0,0.6333333333333333,0.0,-0.4936559139784933,-0.9373784919784981,0
2019,9,Nagpur,2019-09,28.740333333333336,31.01,30.233,30.4195,23.95133333333333,4.789,-1.3049259259259276,36.6049682321503,44.45561153683216,23.185333333333332,91.541,2.3375000000000004,421.0499999999999,29,0.0,1.0,47.166666666666664,74.0,54.5,0,0,0,0.0,100.0,0,0,3.622333333333334,6.12,4.825,30,0.0,0,0,Monsoon,0,1,29.513548387096776,32.25806451612903,30.17733333333333,31.74,35.48,32.05,3.3429032258064524,6.086774193548385,5.270333333333334,0.0,0.0,0.0,0.0,0.0,0.0,37.32258064516129,43.96774193548387,60.93333333333333,382.77000000000004,346.8,97.34,0.0,1.0,7.0,38.43992357642369,44.9194706819109,38.71882627168361,0.0,0.0,0.0,-1.3049259259259216,-2.0718147275868763,0
2019,10,Nagpur,2019-10,28.502903225806453,29.85,29.38,29.65,20.319677419354836,8.183225806451611,-1.2461648745519696,34.39921753972499,38.49414691996388,22.947903225806453,85.19193548387096,1.5898387096774191,63.56,10,11.0,16.0,73.93548387096774,140.0,83.0,0,0,0,0.0,131.0,0,0,6.28,11.87,7.875,31,0.0,0,0,Post-Monsoon,0,0,28.740333333333336,29.513548387096776,32.513548387096776,31.01,31.74,34.57,3.622333333333334,3.3429032258064524,10.065161290322584,0.0,0.0,0.0,0.0,0.0,0.0,47.166666666666664,37.32258064516129,98.80645161290323,421.0499999999999,382.77000000000004,0.26,0.0,0.0,31.0,36.6049682321503,38.43992357642369,40.476270525382546,0.0,0.0,0.0,-1.2461648745519724,-1.0006538111202838,0
2019,11,Nagpur,2019-11,26.89133333333334,29.31,28.286,28.894,15.806333333333331,11.085000000000003,-1.0210370370370383,29.733372750007796,35.30261288505785,21.336333333333336,80.56233333333333,1.5526666666666669,2.6100000000000003,1,23.0,29.0,138.16666666666666,214.0,153.75,0,0,0,0.0,161.0,0,0,9.911333333333337,13.69,10.74,30,0.0,0,0,Post-Monsoon,0,0,28.502903225806453,28.740333333333336,32.75966666666667,29.85,31.01,34.16,6.28,3.622333333333334,11.858666666666664,0.0,0.0,0.0,0.0,0.0,0.0,73.93548387096774,47.166666666666664,156.16666666666666,63.56,421.0499999999999,0.61,11.0,0.0,30.0,34.39921753972499,36.6049682321503,36.86325775240789,0.0,0.0,0.0,-1.0210370370370292,-0.48696753602264964,0
2019,12,Nagpur,2019-12,24.74064516129032,26.78,26.43,26.505,12.792903225806448,11.947741935483872,-2.3479211469534054,25.966953486135594,29.057421238227725,19.18564516129032,77.83290322580646,1.756935483870968,14.11,4,18.0,43.0,74.2258064516129,85.0,85.0,0,0,0,0.0,192.0,0,0,5.025806451612902,7.02,6.44,31,0.0,0,0,Winter,0,0,26.89133333333334,28.502903225806453,28.354193548387098,29.31,29.85,31.02,9.911333333333337,6.28,9.75,0.0,0.0,0.0,0.0,0.0,0.0,138.16666666666666,73.93548387096774,162.32258064516128,2.6100000000000003,63.56,15.77,23.0,11.0,17.0,29.733372750007796,34.39921753972499,29.50652433072875,0.0,0.0,0.0,-2.347921146953407,-1.493441783295509,0
2020,1,Nagpur,2020-01,25.295161290322582,29.36,27.94,28.450000000000003,11.469999999999997,13.825161290322582,-3.1950896057347666,26.633379087194037,31.50779051608204,19.740161290322582,69.72483870967743,1.8335483870967744,38.69,4,17.0,23.0,89.03225806451613,118.0,104.0,0,0,0,0.0,223.0,0,0,6.450645161290323,10.66,7.35,31,0.0,0,0,Winter,0,0,24.74064516129032,26.89133333333334,28.530967741935484,26.78,29.31,31.98,5.025806451612902,9.911333333333337,10.981612903225807,0.0,0.0,0.0,0.0,0.0,0.0,74.2258064516129,138.16666666666666,186.19354838709677,14.11,2.6100000000000003,19.020000000000003,18.0,23.0,24.0,25.966953486135594,29.733372750007796,28.142963942383105,0.0,0.0,0.0,-3.205741935483868,-1.9967979602486343,0
2020,2,Nagpur,2020-02,29.484827586206894,33.06,32.464000000000006,32.832,13.023793103448277,16.46103448275862,-3.402967689383652,31.319211854710808,37.52872121544052,23.929827586206898,57.321724137931035,1.956896551724138,12.44,4,13.0,26.0,83.82758620689656,104.0,87.0,0,0,0,0.0,252.0,0,0,6.264137931034482,8.35,7.87,29,0.0,0,0,Winter,0,0,25.295161290322582,24.74064516129032,32.58857142857143,29.36,26.78,37.53,6.450645161290323,5.025806451612902,15.093928571428572,0.0,0.0,0.0,0.0,0.0,0.0,89.03225806451613,74.2258064516129,163.17857142857142,38.69,14.11,6.42,17.0,18.0,20.0,26.633379087194037,25.966953486135594,32.6683942785467,0.0,0.0,0.0,-3.271415024630546,-1.7881357974774788,0
2020,3,Nagpur,2020-03,34.578387096774186,37.89,36.67,37.405,18.85225806451613,15.726129032258067,-3.090788530465949,40.427911443016264,49.11991808893054,29.0233870967742,50.90774193548388,1.8679032258064516,53.31,15,4.0,6.0,76.09677419354838,98.0,85.0,0,0,0,0.0,283.0,0,0,11.853548387096774,24.86,24.28,31,0.0,0,0,Pre-Monsoon,1,0,29.484827586206894,25.295161290322582,37.675806451612914,33.06,29.36,43.21,6.264137931034482,6.450645161290323,37.12612903225807,0.0,0.0,5.0,0.0,0.0,6.0,83.82758620689656,89.03225806451613,122.54838709677419,12.44,38.69,11.399999999999999,13.0,17.0,17.0,31.319211854710808,26.633379087194037,38.27411478775461,0.0,0.0,0.1935483870967742,-2.998709677419363,-2.088110412843621,0
2020,4,Nagpur,2020-04,40.946,43.32,42.501,42.906,25.08566666666666,15.860333333333335,-0.6896296296296337,43.61179196300994,47.51141041340633,35.391000000000005,27.03166666666666,1.9149999999999998,10.03,4,17.0,22.0,83.03333333333333,123.0,93.5,22,0,17,0.0,289.0,22,0,58.148333333333326,67.44,64.6625,30,0.7333333333333333,0,1,Pre-Monsoon,1,0,34.578387096774186,29.484827586206894,42.96833333333333,37.89,33.06,46.04,11.853548387096774,6.264137931034482,67.80600000000001,0.0,0.0,27.0,0.0,0.0,27.0,76.09677419354838,83.82758620689656,131.3,53.31,12.44,7.27,4.0,13.0,22.0,40.427911443016264,31.319211854710808,43.746794620477985,0.0,0.0,0.9,-0.1342484848484844,-0.05409325692510135,3
2020,5,Nagpur,2020-05,42.91258064516129,46.67,46.12,46.205,27.379677419354834,15.532903225806448,0.27068100358422803,49.803336081726535,55.728385362233325,37.35758064516128,31.372580645161293,2.2598387096774197,48.87,11,7.0,12.0,82.03225806451613,112.0,88.5,30,6,7,0.0,26.0,30,6,64.63806451612902,82.58,63.925,31,0.967741935483871,1,1,Pre-Monsoon,1,0,40.946,34.578387096774186,44.925806451612914,43.32,37.89,47.04,58.148333333333326,11.853548387096774,73.55032258064517,22.0,0.0,31.0,22.0,0.0,31.0,83.03333333333333,76.09677419354838,133.2258064516129,10.03,53.31,3.25,17.0,4.0,24.0,43.61179196300994,40.427911443016264,46.56877792485382,0.7333333333333333,0.0,1.0,0.27068100358423663,0.13185697052962603,3
2020,6,Nagpur,2020-06,34.62366666666666,39.25,37.638000000000005,38.395,25.192,9.431666666666668,-2.7064074074074096,48.65778716694312,56.95703244200846,29.068666666666665,69.98499999999999,2.5164999999999997,212.48,25,0.0,2.0,55.5,168.0,73.75,0,0,1,0.0,29.0,0,0,14.154666666666666,48.05,23.3925,30,0.0,0,1,Monsoon,0,1,42.91258064516129,40.946,41.36099999999998,46.67,43.32,47.79,64.63806451612902,58.148333333333326,52.51166666666667,30.0,22.0,19.0,30.0,22.0,19.0,82.03225806451613,83.03333333333333,60.0,48.87,10.03,105.74000000000001,7.0,17.0,8.0,49.803336081726535,43.61179196300994,51.43045717484187,0.967741935483871,0.7333333333333333,0.6333333333333333,-2.7064074074074185,-1.1290639843550927,0
2020,7,Nagpur,2020-07,31.412580645161295,34.03,32.69,33.7,24.60903225806452,6.803548387096774,0.32788530465950155,43.46258644775298,50.241323879858186,25.85758064516129,83.08935483870968,1.8587096774193548,306.52,26,0.0,2.0,49.16129032258065,71.0,70.0,0,0,0,0.0,60.0,0,0,4.893225806451614,6.69,6.2,31,0.0,0,0,Monsoon,0,1,34.62366666666666,42.91258064516129,32.25806451612903,39.25,46.67,35.48,14.154666666666666,64.63806451612902,6.086774193548385,0.0,30.0,0.0,0.0,30.0,0.0,55.5,82.03225806451613,43.96774193548387,212.48,48.87,346.8,0.0,7.0,1.0,48.65778716694312,49.803336081726535,44.9194706819109,0.0,0.967741935483871,0.0,0.32788530465950316,0.3528996524610634,0
2020,8,Nagpur,2020-08,29.61064516129033,32.3,31.26,31.560000000000002,24.139354838709675,5.471290322580645,-0.3965591397849469,39.07958747945424,46.40740392743389,24.055645161290318,89.13129032258064,2.9940322580645162,441.53999999999996,28,0.0,2.0,70.83870967741936,72.0,71.5,0,0,0,0.0,91.0,0,0,5.720645161290322,6.63,6.23,31,0.0,0,0,Monsoon,0,1,31.412580645161295,34.62366666666666,29.513548387096776,34.03,39.25,31.74,4.893225806451614,14.154666666666666,3.3429032258064524,0.0,0.0,0.0,0.0,0.0,0.0,49.16129032258065,55.5,37.32258064516129,306.52,212.48,382.77000000000004,0.0,0.0,0.0,43.46258644775298,48.65778716694312,38.43992357642369,0.0,0.0,0.0,-0.39655913978494084,-0.7530062902236252,0
2020,9,Nagpur,2020-09,30.67966666666667,32.13,31.946,32.055,23.93133333333334,6.748333333333334,0.6344074074074056,41.45366692294947,46.79970684734271,25.124666666666663,84.819,1.2636666666666665,181.83999999999995,23,0.0,4.0,70.73333333333333,72.0,71.0,0,0,0,0.0,121.0,0,0,5.992666666666665,6.8,6.3675,30,0.0,0,0,Monsoon,0,1,29.61064516129033,31.412580645161295,28.740333333333336,32.3,34.03,31.01,5.720645161290322,4.893225806451614,3.622333333333334,0.0,0.0,0.0,0.0,0.0,0.0,70.83870967741936,49.16129032258065,47.166666666666664,441.53999999999996,306.52,421.0499999999999,0.0,0.0,0.0,39.07958747945424,43.46258644775298,36.6049682321503,0.0,0.0,0.0,0.6344074074074122,1.0072407819043507,0
2020,10,Nagpur,2020-10,29.49903225806452,31.25,30.66,30.91,20.853870967741937,8.64516129032258,-0.25003584229390496,36.76531878899274,42.47873499589546,23.94403225806452,81.31225806451613,1.5845161290322582,59.86,12,9.0,14.0,74.7741935483871,89.0,75.0,0,0,0,0.0,152.0,0,0,6.0767741935483865,7.89,7.01,31,0.0,0,0,Post-Monsoon,0,0,30.67966666666667,29.61064516129033,28.502903225806453,32.13,32.3,29.85,5.992666666666665,5.720645161290322,6.28,0.0,0.0,0.0,0.0,0.0,0.0,70.73333333333333,70.83870967741936,73.93548387096774,181.83999999999995,441.53999999999996,63.56,0.0,0.0,11.0,41.45366692294947,39.07958747945424,34.39921753972499,0.0,0.0,0.0,-0.2500358422939044,-0.20077545404898262,0
2020,11,Nagpur,2020-11,27.331,29.47,29.086,29.173,14.705,12.626000000000001,-0.5813703703703722,30.46084658580387,36.33381608168033,21.776000000000003,75.23466666666666,1.7841666666666667,8.45,2,23.0,33.0,71.7,84.0,76.75,0,0,0,0.0,182.0,0,0,6.523333333333332,8.03,7.7075000000000005,30,0.0,0,0,Post-Monsoon,0,0,29.49903225806452,30.67966666666667,26.89133333333334,31.25,32.13,29.31,6.0767741935483865,5.992666666666665,9.911333333333337,0.0,0.0,0.0,0.0,0.0,0.0,74.7741935483871,70.73333333333333,138.16666666666666,59.86,181.83999999999995,2.6100000000000003,9.0,0.0,23.0,36.76531878899274,41.45366692294947,29.733372750007796,0.0,0.0,0.0,-0.5813703703703688,-0.2772754430117371,0
2020,12,Nagpur,2020-12,27.503225806451614,29.07,28.52,28.575,11.87,15.633225806451613,0.4146594982078853,29.325627883059433,32.427990187637725,21.948225806451617,63.930967741935476,1.5469354838709677,0.45,0,31.0,35.0,71.19354838709677,84.0,75.0,0,0,0,0.0,213.0,0,0,6.8661290322580655,8.0,7.02,31,0.0,0,0,Winter,0,0,27.331,29.49903225806452,24.74064516129032,29.47,31.25,26.78,6.523333333333332,6.0767741935483865,5.025806451612902,0.0,0.0,0.0,0.0,0.0,0.0,71.7,74.7741935483871,74.2258064516129,8.45,59.86,14.11,23.0,9.0,18.0,30.46084658580387,36.76531878899274,25.966953486135594,0.0,0.0,0.0,0.41465949820788595,0.263752392735826,0
2021,1,Nagpur,2021-01,29.86709677419355,31.63,31.14,31.335,13.544516129032258,16.322580645161292,1.3768458781362016,31.211223669916233,36.41215306209702,24.312096774193545,50.949032258064506,1.6796774193548387,3.23,1,28.0,63.0,72.12903225806451,90.0,77.0,0,0,0,0.0,244.0,0,0,7.046451612903225,8.06,7.9,31,0.0,0,0,Winter,0,0,27.503225806451614,27.331,25.295161290322582,29.07,29.47,29.36,6.8661290322580655,6.523333333333332,6.450645161290323,0.0,0.0,0.0,0.0,0.0,0.0,71.19354838709677,71.7,89.03225806451613,0.45,8.45,38.69,31.0,23.0,17.0,29.325627883059433,30.46084658580387,26.633379087194037,0.0,0.0,0.0,1.3661935483870984,0.8509769487457017,0
2021,2,Nagpur,2021-02,32.51571428571429,37.4,36.658,37.198,14.760357142857144,17.755357142857143,-0.37208098987626254,31.921636979571186,36.63671183135671,26.96071428571429,32.25142857142857,1.6714285714285713,6.85,2,17.0,18.0,73.82142857142857,86.0,76.5,0,0,0,0.0,272.0,0,0,9.473214285714286,25.77,7.985,28,0.0,0,0,Winter,0,0,29.86709677419355,27.503225806451614,29.484827586206894,31.63,29.07,33.06,7.046451612903225,6.8661290322580655,6.264137931034482,0.0,0.0,0.0,0.0,0.0,0.0,72.12903225806451,71.19354838709677,83.82758620689656,3.23,0.45,12.44,28.0,31.0,13.0,31.211223669916233,29.325627883059433,31.319211854710808,0.0,0.0,0.0,-0.24052832512315092,-0.13147133739430703,0
2021,3,Nagpur,2021-03,38.04870967741935,42.46,40.27,41.775,20.818709677419353,17.23,0.379534050179212,38.29426343848016,42.16776035242542,32.49370967741935,25.353548387096783,1.7704838709677422,18.39,6,19.0,22.0,84.06451612903226,89.0,89.0,4,0,7,0.0,299.0,4,0,35.16903225806452,63.47,44.92,31,0.12903225806451613,0,1,Pre-Monsoon,1,0,32.51571428571429,29.86709677419355,34.578387096774186,37.4,31.63,37.89,9.473214285714286,7.046451612903225,11.853548387096774,0.0,0.0,0.0,0.0,0.0,0.0,73.82142857142857,72.12903225806451,76.09677419354838,6.85,3.23,53.31,17.0,28.0,4.0,31.921636979571186,31.211223669916233,40.427911443016264,0.0,0.0,0.0,0.47161290322580385,0.3284011858409368,2
2021,4,Nagpur,2021-04,41.11633333333334,43.34,42.552,42.768,24.930999999999994,16.185333333333336,-0.5192962962962999,41.176762435579356,44.42327816305044,35.56133333333333,20.141666666666662,1.7674999999999998,2.82,0,28.0,37.0,81.36666666666666,89.0,88.0,25,0,28,0.0,8.0,25,0,60.50133333333334,64.68,64.30250000000001,30,0.8333333333333334,0,1,Pre-Monsoon,1,0,38.04870967741935,32.51571428571429,40.946,42.46,37.4,43.32,35.16903225806452,9.473214285714286,58.148333333333326,4.0,0.0,22.0,4.0,0.0,22.0,84.06451612903226,73.82142857142857,83.03333333333333,18.39,6.85,10.03,19.0,17.0,17.0,38.29426343848016,31.921636979571186,43.61179196300994,0.12903225806451613,0.0,0.7333333333333333,0.036084848484854604,0.014539806407480886,3
2021,5,Nagpur,2021-05,40.464193548387094,43.76,43.06,43.415,27.455806451612897,13.008387096774195,-2.177706093189966,48.80827867874755,54.329836885303216,34.909193548387094,39.45516129032258,2.7775806451612914,41.260000000000005,10,7.0,38.0,71.7741935483871,88.0,84.0,21,0,7,0.0,8.0,21,0,50.94967741935484,64.7,60.905,31,0.6774193548387096,0,1,Pre-Monsoon,1,0,41.11633333333334,38.04870967741935,42.91258064516129,43.34,42.46,46.67,60.50133333333334,35.16903225806452,64.63806451612902,25.0,4.0,30.0,25.0,4.0,30.0,81.36666666666666,84.06451612903226,82.03225806451613,2.82,18.39,48.87,28.0,19.0,7.0,41.176762435579356,38.29426343848016,49.803336081726535,0.8333333333333334,0.12903225806451613,0.967741935483871,-2.1777060931899612,-1.0608270412392469,3
2021,6,Nagpur,2021-06,33.95166666666667,42.5,38.113,39.1,25.767999999999997,8.183666666666667,-3.37840740740741,46.27397785399897,53.30232198536598,28.396666666666665,71.08366666666667,2.739166666666667,215.76999999999998,25,0.0,2.0,63.2,89.0,72.5,1,0,0,0.0,28.0,1,0,13.317,60.59,6.4275,30,0.03333333333333333,0,0,Monsoon,0,1,40.464193548387094,41.11633333333334,34.62366666666666,43.76,43.34,39.25,50.94967741935484,60.50133333333334,14.154666666666666,21.0,25.0,0.0,21.0,25.0,0.0,71.7741935483871,81.36666666666666,55.5,41.260000000000005,2.82,212.48,7.0,28.0,0.0,48.80827867874755,41.176762435579356,48.65778716694312,0.6774193548387096,0.8333333333333334,0.0,-3.3784074074074084,-1.4094101714849274,0
2021,7,Nagpur,2021-07,31.849677419354844,34.38,33.78,33.995000000000005,24.559354838709677,7.290322580645161,0.7649820788530498,44.41045168997488,50.25960479168927,26.294677419354837,81.4793548387097,2.7095161290322576,345.32000000000005,27,0.0,3.0,81.54838709677419,103.0,83.0,0,0,0,0.0,59.0,0,0,6.2238709677419335,10.15,6.32,31,0.0,0,0,Monsoon,0,1,33.95166666666667,40.464193548387094,31.412580645161295,42.5,43.76,34.03,13.317,50.94967741935484,4.893225806451614,1.0,21.0,0.0,1.0,21.0,0.0,63.2,71.7741935483871,49.16129032258065,215.76999999999998,41.260000000000005,306.52,0.0,7.0,0.0,46.27397785399897,48.80827867874755,43.46258644775298,0.03333333333333333,0.6774193548387096,0.0,0.7649820788530519,0.8233425101089217,0
2021,8,Nagpur,2021-08,30.817419354838712,32.37,31.93,32.155,23.989677419354837,6.82774193548387,0.8102150537634405,41.72553499520702,46.11729662244774,25.26241935483871,84.20290322580647,2.310967741935484,161.39000000000004,18,0.0,9.0,58.61290322580645,85.0,67.0,0,0,0,0.0,90.0,0,0,5.116129032258064,7.1,6.395,31,0.0,0,0,Monsoon,0,1,31.849677419354844,33.95166666666667,29.61064516129033,34.38,42.5,32.3,6.2238709677419335,13.317,5.720645161290322,0.0,1.0,0.0,0.0,1.0,0.0,81.54838709677419,63.2,70.83870967741936,345.32000000000005,215.76999999999998,441.53999999999996,0.0,0.0,0.0,44.41045168997488,46.27397785399897,39.07958747945424,0.0,0.03333333333333333,0.0,0.8102150537634429,1.538476788729693,0
2021,9,Nagpur,2021-09,30.06566666666667,31.5,30.96,31.217,23.87933333333333,6.186333333333335,0.02040740740740598,39.95763831298892,44.95769910794524,24.510666666666665,86.92733333333334,1.9526666666666663,326.52,28,0.0,1.0,77.16666666666667,92.0,88.0,0,0,0,0.0,120.0,0,0,5.101666666666666,6.35,5.6025,30,0.0,0,0,Monsoon,0,1,30.817419354838712,31.849677419354844,30.67966666666667,32.37,34.38,32.13,5.116129032258064,6.2238709677419335,5.992666666666665,0.0,0.0,0.0,0.0,0.0,0.0,58.61290322580645,81.54838709677419,70.73333333333333,161.39000000000004,345.32000000000005,181.83999999999995,0.0,0.0,0.0,41.72553499520702,44.41045168997488,41.45366692294947,0.0,0.0,0.0,0.020407407407411426,0.032400587940300214,0
2021,10,Nagpur,2021-10,29.403548387096773,31.33,31.15,31.205,20.100645161290327,9.302903225806451,-0.3455197132616474,36.079254778566145,43.03764975776735,23.848548387096773,78.35774193548387,1.497903225806452,28.310000000000002,9,11.0,13.0,88.0,88.0,88.0,0,0,0,0.0,151.0,0,0,6.158064516129031,7.71,6.715,31,0.0,0,0,Post-Monsoon,0,0,30.06566666666667,30.817419354838712,29.49903225806452,31.5,32.37,31.25,5.101666666666666,5.116129032258064,6.0767741935483865,0.0,0.0,0.0,0.0,0.0,0.0,77.16666666666667,58.61290322580645,74.7741935483871,326.52,161.39000000000004,59.86,0.0,0.0,9.0,39.95763831298892,41.72553499520702,36.76531878899274,0.0,0.0,0.0,-0.3455197132616519,-0.2774477317993447,0
2021,11,Nagpur,2021-11,27.755333333333333,29.93,29.533,29.8005,16.989333333333335,10.766000000000002,-0.15703703703703836,31.85459907354613,38.67745613452554,22.20033333333333,78.51033333333335,1.8296666666666668,6.819999999999999,2,22.0,33.0,103.53333333333333,138.0,138.0,0,0,0,0.0,181.0,0,0,7.92,11.7,8.932500000000001,30,0.0,0,0,Post-Monsoon,0,0,29.403548387096773,30.06566666666667,27.331,31.33,31.5,29.47,6.158064516129031,5.101666666666666,6.523333333333332,0.0,0.0,0.0,0.0,0.0,0.0,88.0,77.16666666666667,71.7,28.310000000000002,326.52,8.45,11.0,0.0,23.0,36.079254778566145,39.95763831298892,30.46084658580387,0.0,0.0,0.0,-0.15703703703703553,-0.07489634187231684,0
2021,12,Nagpur,2021-12,26.937096774193552,29.16,28.62,28.915,12.687741935483873,14.249354838709678,-0.15146953405017904,28.666400471927645,32.45390912991101,21.382096774193553,66.12354838709678,1.72758064516129,18.45,2,27.0,35.0,117.74193548387096,213.0,118.5,0,0,0,0.0,212.0,0,0,9.285806451612906,13.65,10.7,31,0.0,0,0,Winter,0,0,27.755333333333333,29.403548387096773,27.503225806451614,29.93,31.33,29.07,7.92,6.158064516129031,6.8661290322580655,0.0,0.0,0.0,0.0,0.0,0.0,103.53333333333333,88.0,71.19354838709677,6.819999999999999,28.310000000000002,0.45,22.0,11.0,31.0,31.85459907354613,36.079254778566145,29.325627883059433,0.0,0.0,0.0,-0.15146953405017527,-0.09634519938642665,0
2022,1,Nagpur,2022-01,26.196451612903225,29.28,28.17,28.509999999999998,11.662258064516127,14.534193548387096,-2.293799283154121,27.70205185851195,31.70506503582918,20.64145161290323,66.27709677419354,1.804516129032258,65.5,7,11.0,13.0,83.16129032258064,179.0,92.5,0,0,0,0.0,243.0,0,0,5.470322580645162,10.22,6.275,31,0.0,0,0,Winter,0,0,26.937096774193552,27.755333333333333,29.86709677419355,29.16,29.93,31.63,9.285806451612906,7.92,7.046451612903225,0.0,0.0,0.0,0.0,0.0,0.0,117.74193548387096,103.53333333333333,72.12903225806451,18.45,6.819999999999999,3.23,27.0,22.0,28.0,28.666400471927645,31.85459907354613,31.211223669916233,0.0,0.0,0.0,-2.3044516129032253,-1.4354007193165697,0
2022,2,Nagpur,2022-02,30.681071428571432,35.23,34.576,34.642,12.97892857142857,17.702142857142857,-2.2067238470191195,32.12398668040624,40.50464258175264,25.126071428571432,48.49392857142857,1.7953571428571427,7.09,2,21.0,21.0,87.07142857142857,107.0,101.0,0,0,0,0.0,271.0,0,0,8.162857142857144,25.6,9.1625,28,0.0,0,0,Winter,0,0,26.196451612903225,26.937096774193552,32.51571428571429,29.28,29.16,37.4,5.470322580645162,9.285806451612906,9.473214285714286,0.0,0.0,0.0,0.0,0.0,0.0,83.16129032258064,117.74193548387096,73.82142857142857,65.5,18.45,6.85,11.0,27.0,17.0,27.70205185851195,28.666400471927645,31.921636979571186,0.0,0.0,0.0,-2.0751711822660077,-1.1342761003925428,0
2022,3,Nagpur,2022-03,39.12193548387098,43.73,42.46,43.245000000000005,21.054838709677416,18.067096774193555,1.4527598566308242,38.91372287225499,42.5598021113121,33.56693548387097,23.49677419354839,1.766451612903226,0.87,0,31.0,43.0,83.3225806451613,109.0,100.5,16,0,18,0.0,285.0,16,0,47.245806451612914,67.57,64.435,31,0.5161290322580645,0,1,Pre-Monsoon,1,0,30.681071428571432,26.196451612903225,38.04870967741935,35.23,29.28,42.46,8.162857142857144,5.470322580645162,35.16903225806452,0.0,0.0,4.0,0.0,0.0,4.0,87.07142857142857,83.16129032258064,84.06451612903226,7.09,65.5,18.39,21.0,11.0,19.0,32.12398668040624,27.70205185851195,38.29426343848016,0.0,0.0,0.12903225806451613,1.5448387096774283,1.0757272770124926,3
2022,4,Nagpur,2022-04,43.668,46.16,45.536,45.9735,27.036666666666672,16.631333333333334,2.032370370370366,43.95876319906189,47.83616225906181,38.11300000000001,17.881333333333334,1.8739999999999999,0.25,0,30.0,73.0,122.5,219.0,152.5,30,5,30,9.0,42.0,30,5,70.27000000000001,87.64,69.4,30,1.0,1,1,Pre-Monsoon,1,0,39.12193548387098,30.681071428571432,41.11633333333334,43.73,35.23,43.34,47.245806451612914,8.162857142857144,60.50133333333334,16.0,0.0,25.0,16.0,0.0,25.0,83.3225806451613,87.07142857142857,81.36666666666666,0.87,7.09,2.82,31.0,21.0,28.0,38.91372287225499,32.12398668040624,41.176762435579356,0.5161290322580645,0.0,0.8333333333333334,2.587751515151517,1.042692643610805,3
2022,5,Nagpur,2022-05,43.82387096774194,46.53,45.16,45.775000000000006,29.96225806451614,13.861612903225806,1.1819713261648732,49.404376206721665,57.84688314327007,38.26887096774193,26.880967741935482,2.8520967741935483,8.530000000000001,2,23.0,96.0,151.16129032258064,248.0,161.5,31,4,23,12.0,73.0,31,4,70.37903225806453,87.56,69.53,31,1.0,1,1,Pre-Monsoon,1,0,43.668,39.12193548387098,40.464193548387094,46.16,43.73,43.76,70.27000000000001,47.245806451612914,50.94967741935484,30.0,16.0,21.0,30.0,16.0,21.0,122.5,83.3225806451613,71.7741935483871,0.25,0.87,41.260000000000005,30.0,31.0,7.0,43.95876319906189,38.91372287225499,48.80827867874755,1.0,0.5161290322580645,0.6774193548387096,1.1819713261648843,0.575774273987738,3
2022,6,Nagpur,2022-06,38.56033333333333,46.35,45.906,46.0995,28.186666666666667,10.373666666666669,1.2302592592592574,48.75100791015109,54.43597832259109,33.005333333333326,52.17533333333334,2.528166666666666,128.43999999999997,18,11.0,17.0,87.1,174.0,120.0,13,8,11,1.0,84.0,13,8,38.58999999999999,87.17,81.5025,30,0.43333333333333335,1,1,Monsoon,0,1,43.82387096774194,43.668,33.95166666666667,46.53,46.16,42.5,70.37903225806453,70.27000000000001,13.317,31.0,30.0,1.0,31.0,30.0,1.0,151.16129032258064,122.5,63.2,8.530000000000001,0.25,215.76999999999998,23.0,30.0,0.0,49.404376206721665,43.95876319906189,46.27397785399897,1.0,1.0,0.03333333333333333,1.230259259259256,0.513241804337072,2
2022,7,Nagpur,2022-07,29.73580645161291,32.38,31.46,31.54,24.436129032258062,5.29967741935484,-1.3488888888888855,39.03497677275217,45.13397550802877,24.180806451612902,87.81483870967742,2.6590322580645163,639.3399999999999,30,0.0,1.0,39.774193548387096,66.0,46.0,0,0,0,0.0,46.0,0,0,3.9300000000000006,6.68,4.3149999999999995,31,0.0,0,0,Monsoon,0,1,38.56033333333333,43.82387096774194,31.849677419354844,46.35,46.53,34.38,38.58999999999999,70.37903225806453,6.2238709677419335,13.0,31.0,0.0,13.0,31.0,0.0,87.1,151.16129032258064,81.54838709677419,128.43999999999997,8.530000000000001,345.32000000000005,11.0,23.0,0.0,48.75100791015109,49.404376206721665,44.41045168997488,0.43333333333333335,1.0,0.0,-1.348888888888883,-1.4517955313423045,0
2022,8,Nagpur,2022-08,29.434516129032257,31.53,30.85,31.29,23.812580645161287,5.621935483870967,-0.5726881720430109,38.37788644628971,45.68385436125378,23.879516129032254,88.96935483870969,2.507258064516129,483.96000000000004,23,0.0,3.0,54.354838709677416,93.0,72.0,0,0,0,0.0,77.0,0,0,4.489677419354839,6.82,6.0649999999999995,31,0.0,0,0,Monsoon,0,1,29.73580645161291,38.56033333333333,30.817419354838712,32.38,46.35,32.37,3.9300000000000006,38.58999999999999,5.116129032258064,0.0,13.0,0.0,0.0,13.0,0.0,39.774193548387096,87.1,58.61290322580645,639.3399999999999,128.43999999999997,161.39000000000004,0.0,11.0,0.0,39.03497677275217,48.75100791015109,41.72553499520702,0.0,0.43333333333333335,0.0,-0.5726881720430121,-1.0874488887557192,0
2022,9,Nagpur,2022-09,29.658999999999995,31.21,30.756,30.903499999999998,23.462,6.197,-0.38625925925926125,38.76562749889743,43.61473908621614,24.104,87.69166666666666,2.0231666666666666,272.96000000000004,21,0.0,3.0,63.3,97.0,75.75,0,0,0,0.0,107.0,0,0,4.993666666666667,6.49,5.5375,30,0.0,0,0,Monsoon,0,1,29.434516129032257,29.73580645161291,30.06566666666667,31.53,32.38,31.5,4.489677419354839,3.9300000000000006,5.101666666666666,0.0,0.0,0.0,0.0,0.0,0.0,54.354838709677416,39.774193548387096,77.16666666666667,483.96000000000004,639.3399999999999,326.52,0.0,0.0,0.0,38.37788644628971,39.03497677275217,39.95763831298892,0.0,0.0,0.0,-0.38625925925926197,-0.6132590410695585,0
2022,10,Nagpur,2022-10,28.60064516129032,31.18,30.02,30.82,19.82645161290323,8.774193548387098,-1.1484229390680991,34.81837141995169,42.27507971134558,23.04564516129033,82.89032258064518,1.6624193548387096,94.22,11,7.0,13.0,99.2258064516129,211.0,143.0,0,0,0,0.0,138.0,0,0,6.886451612903226,13.62,8.915,31,0.0,0,0,Post-Monsoon,0,0,29.658999999999995,29.434516129032257,29.403548387096773,31.21,31.53,31.33,4.993666666666667,4.489677419354839,6.158064516129031,0.0,0.0,0.0,0.0,0.0,0.0,63.3,54.354838709677416,88.0,272.96000000000004,483.96000000000004,28.310000000000002,0.0,0.0,11.0,38.76562749889743,38.37788644628971,36.079254778566145,0.0,0.0,0.0,-1.148422939068105,-0.9221683376123194,0
2022,11,Nagpur,2022-11,26.341,28.74,27.679000000000002,28.0075,13.360000000000005,12.981,-1.5713703703703714,28.233455869439297,32.401351970680295,20.786,73.71233333333332,1.4304999999999999,0.0,0,30.0,43.0,191.63333333333333,277.0,215.5,0,0,0,0.0,168.0,0,0,11.837000000000002,14.74,13.55,30,0.0,0,0,Post-Monsoon,0,0,28.60064516129032,29.658999999999995,27.755333333333333,31.18,31.21,29.93,6.886451612903226,4.993666666666667,7.92,0.0,0.0,0.0,0.0,0.0,0.0,99.2258064516129,63.3,103.53333333333333,94.22,272.96000000000004,6.819999999999999,7.0,0.0,22.0,34.81837141995169,38.76562749889743,31.85459907354613,0.0,0.0,0.0,-1.5713703703703672,-0.7494403529756628,0
2022,12,Nagpur,2022-12,28.14806451612903,29.89,29.66,29.73,13.395806451612902,14.752258064516127,1.0594982078853046,30.82537127272755,33.599579085377734,22.593064516129036,68.00709677419354,1.6298387096774194,4.06,1,24.0,55.0,218.58064516129033,342.0,262.0,0,0,0,0.0,199.0,0,0,12.591612903225805,16.5,14.59,31,0.0,0,0,Winter,0,0,26.341,28.60064516129032,26.937096774193552,28.74,31.18,29.16,11.837000000000002,6.886451612903226,9.285806451612906,0.0,0.0,0.0,0.0,0.0,0.0,191.63333333333333,99.2258064516129,117.74193548387096,0.0,94.22,18.45,30.0,7.0,27.0,28.233455869439297,34.81837141995169,28.666400471927645,0.0,0.0,0.0,1.0594982078853015,0.6739148352727963,0
2023,1,Nagpur,2023-01,28.881290322580643,32.1,31.74,31.775,12.427096774193549,16.454193548387096,0.39103942652329776,30.59414156176512,35.668450209931166,23.326290322580647,56.22354838709678,1.7596774193548386,1.98,1,31.0,27.0,205.41935483870967,332.0,233.0,0,0,0,0.0,230.0,0,0,12.560967741935485,15.66,14.614999999999998,31,0.0,0,0,Winter,0,0,28.14806451612903,26.341,26.196451612903225,29.89,28.74,29.28,12.591612903225805,11.837000000000002,5.470322580645162,0.0,0.0,0.0,0.0,0.0,0.0,218.58064516129033,191.63333333333333,83.16129032258064,4.06,0.0,65.5,24.0,30.0,11.0,30.82537127272755,28.233455869439297,27.70205185851195,0.0,0.0,0.0,0.3803870967741929,0.23693615837762763,0
2023,2,Nagpur,2023-02,34.643214285714286,37.34,37.153,37.251,14.338214285714287,20.305,1.755419010123737,33.342589036459856,36.25386854087625,29.088214285714287,24.633928571428573,1.8937500000000003,0.0,0,28.0,55.0,136.28571428571428,228.0,159.25,0,0,0,0.0,258.0,0,0,19.61785714285714,32.79,29.84,28,0.0,0,0,Winter,0,0,28.881290322580643,28.14806451612903,30.681071428571432,32.1,29.89,35.23,12.560967741935485,12.591612903225805,8.162857142857144,0.0,0.0,0.0,0.0,0.0,0.0,205.41935483870967,218.58064516129033,87.07142857142857,1.98,4.06,7.09,31.0,24.0,21.0,30.59414156176512,30.82537127272755,32.12398668040624,0.0,0.0,0.0,1.8869716748768468,1.0314073803749135,0
2023,3,Nagpur,2023-03,36.08064516129032,39.9,38.21,39.209999999999994,20.782903225806454,15.297741935483872,-1.5885304659498218,36.884001833820015,42.81069831519166,30.525645161290324,31.937741935483874,1.5814516129032254,14.889999999999999,5,16.0,71.0,130.3548387096774,273.0,146.5,0,0,1,0.0,289.0,0,0,26.17516129032258,49.83,32.7,31,0.0,0,1,Pre-Monsoon,1,0,34.643214285714286,28.881290322580643,39.12193548387098,37.34,32.1,43.73,19.61785714285714,12.560967741935485,47.245806451612914,0.0,0.0,16.0,0.0,0.0,16.0,136.28571428571428,205.41935483870967,83.3225806451613,0.0,1.98,0.87,28.0,31.0,31.0,33.342589036459856,30.59414156176512,38.91372287225499,0.0,0.0,0.5161290322580645,-1.496451612903229,-1.042033584894745,1
2023,4,Nagpur,2023-04,38.120000000000005,43.66,41.939,42.275,24.322,13.798,-3.515629629629634,42.52852696579589,48.683391907937775,32.565000000000005,38.617333333333335,1.9378333333333333,86.56,12,9.0,11.0,95.96666666666667,188.0,121.5,8,0,9,0.0,299.0,9,0,38.08066666666666,67.29,57.46,30,0.3,0,1,Pre-Monsoon,1,0,36.08064516129032,34.643214285714286,43.668,39.9,37.34,46.16,26.17516129032258,19.61785714285714,70.27000000000001,0.0,0.0,30.0,0.0,0.0,30.0,130.3548387096774,136.28571428571428,122.5,14.889999999999999,0.0,0.25,16.0,28.0,30.0,36.884001833820015,33.342589036459856,43.95876319906189,0.0,0.0,1.0,-2.960248484848478,-1.1927842763646541,2
2023,5,Nagpur,2023-05,40.755161290322576,44.74,44.11,44.245000000000005,26.299032258064514,14.456129032258062,-1.8867383512544815,48.829698513770005,54.93903392976277,35.20016129032257,39.22677419354839,2.0735483870967744,39.23,5,18.0,24.0,88.45161290322581,144.0,105.0,22,0,18,0.0,22.0,22,0,52.839032258064506,68.85,64.76,31,0.7096774193548387,0,1,Pre-Monsoon,1,0,38.120000000000005,36.08064516129032,43.82387096774194,43.66,39.9,46.53,38.08066666666666,26.17516129032258,70.37903225806453,8.0,0.0,31.0,9.0,0.0,31.0,95.96666666666667,130.3548387096774,151.16129032258064,86.56,14.889999999999999,8.530000000000001,9.0,16.0,23.0,42.52852696579589,36.884001833820015,49.404376206721665,0.3,0.0,1.0,-1.886738351254479,-0.9190877818696138,3
2023,6,Nagpur,2023-06,39.70966666666667,44.62,44.411,44.5485,28.921333333333337,10.788333333333334,2.37959259259259,46.855425053452436,53.84154297125384,34.154666666666664,43.14366666666667,3.374833333333333,130.38000000000002,9,16.0,22.0,72.36666666666666,113.0,84.75,20,0,16,0.0,39.0,20,0,46.48433333333334,67.55,64.33500000000001,30,0.6666666666666666,0,1,Monsoon,0,1,40.755161290322576,38.120000000000005,38.56033333333333,44.74,43.66,46.35,52.839032258064506,38.08066666666666,38.58999999999999,22.0,8.0,13.0,22.0,9.0,13.0,88.45161290322581,95.96666666666667,87.1,39.23,86.56,128.43999999999997,18.0,9.0,11.0,48.829698513770005,42.52852696579589,48.75100791015109,0.7096774193548387,0.3,0.43333333333333335,2.3795925925925943,0.9927227831186636,3
2023,7,Nagpur,2023-07,31.770967741935483,35.62,34.3,34.545,25.298387096774192,6.4725806451612895,0.6862724014336947,44.8343441752823,52.38185776487493,26.21596774193549,83.45451612903223,2.6769354838709685,523.1999999999999,26,0.0,3.0,40.38709677419355,60.0,47.5,0,0,0,0.0,39.0,0,0,4.720967741935484,24.69,4.18,31,0.0,0,0,Monsoon,0,1,39.70966666666667,40.755161290322576,29.73580645161291,44.62,44.74,32.38,46.48433333333334,52.839032258064506,3.9300000000000006,20.0,22.0,0.0,20.0,22.0,0.0,72.36666666666666,88.45161290322581,39.774193548387096,130.38000000000002,39.23,639.3399999999999,16.0,18.0,0.0,46.855425053452436,48.829698513770005,39.03497677275217,0.6666666666666666,0.7096774193548387,0.0,0.6862724014336905,0.7386280767022154,0
2023,8,Nagpur,2023-08,29.921290322580642,31.41,31.07,31.25,23.57806451612903,6.343225806451612,-0.08591397849462437,39.2775354744961,43.47802562996006,24.366290322580646,86.38096774193548,2.7861290322580636,217.70999999999998,15,5.0,10.0,60.32258064516129,126.0,71.5,0,0,0,0.0,70.0,0,0,5.478387096774193,9.29,6.825,31,0.0,0,0,Monsoon,0,1,31.770967741935483,39.70966666666667,29.434516129032257,35.62,44.62,31.53,4.720967741935484,46.48433333333334,4.489677419354839,0.0,20.0,0.0,0.0,20.0,0.0,40.38709677419355,72.36666666666666,54.354838709677416,523.1999999999999,130.38000000000002,483.96000000000004,0.0,16.0,0.0,44.8343441752823,46.855425053452436,38.37788644628971,0.0,0.6666666666666666,0.0,-0.08591397849462723,-0.16313775105442238,0
2023,9,Nagpur,2023-09,30.217,32.33,31.747999999999998,31.852999999999998,23.679,6.537999999999999,0.17174074074073892,40.30015285552768,45.928810670338606,24.661999999999995,86.37266666666666,1.7860000000000003,329.74000000000007,24,0.0,3.0,54.6,96.0,65.75,0,0,0,0.0,100.0,0,0,4.6979999999999995,6.52,6.0225,30,0.0,0,0,Monsoon,0,1,29.921290322580642,31.770967741935483,29.658999999999995,31.41,35.62,31.21,5.478387096774193,4.720967741935484,4.993666666666667,0.0,0.0,0.0,0.0,0.0,0.0,60.32258064516129,40.38709677419355,63.3,217.70999999999998,523.1999999999999,272.96000000000004,5.0,0.0,0.0,39.2775354744961,44.8343441752823,38.76562749889743,0.0,0.0,0.0,0.17174074074074142,0.27267064660461543,0
2023,10,Nagpur,2023-10,29.62451612903226,31.71,31.46,31.525,18.84193548387097,10.782580645161291,-0.12455197132616326,36.23590212153218,43.83352760275556,24.069516129032262,77.32451612903226,1.420967741935484,4.59,1,23.0,29.0,125.58064516129032,225.0,146.0,0,0,0,0.0,131.0,0,0,10.156774193548388,13.68,11.665,31,0.0,0,0,Post-Monsoon,0,0,30.217,29.921290322580642,28.60064516129032,32.33,31.41,31.18,4.6979999999999995,5.478387096774193,6.886451612903226,0.0,0.0,0.0,0.0,0.0,0.0,54.6,60.32258064516129,99.2258064516129,329.74000000000007,217.70999999999998,94.22,0.0,5.0,7.0,40.30015285552768,39.2775354744961,34.81837141995169,0.0,0.0,0.0,-0.12455197132616647,-0.10001357551895501,0
2023,11,Nagpur,2023-11,27.801666666666662,29.46,28.781000000000002,29.1255,16.076,11.725666666666665,-0.11070370370370526,31.227548434478326,34.21672186554638,22.24666666666667,77.16933333333333,1.6646666666666665,38.0,3,26.0,55.0,195.06666666666666,294.0,215.5,0,0,0,0.0,161.0,0,0,11.892333333333335,14.65,13.65,30,0.0,0,0,Post-Monsoon,0,0,29.62451612903226,30.217,26.341,31.71,32.33,28.74,10.156774193548388,4.6979999999999995,11.837000000000002,0.0,0.0,0.0,0.0,0.0,0.0,125.58064516129032,54.6,191.63333333333333,4.59,329.74000000000007,0.0,23.0,0.0,30.0,36.23590212153218,40.30015285552768,28.233455869439297,0.0,0.0,0.0,-0.11070370370370597,-0.052798388173670226,0
2023,12,Nagpur,2023-12,26.243225806451612,28.93,27.84,28.265,12.911290322580648,13.33193548387097,-0.8453405017921146,28.10741317983493,34.521641820215244,20.688225806451616,72.49258064516128,1.8149999999999997,13.240000000000002,2,18.0,24.0,146.96774193548387,311.0,207.0,0,0,0,0.0,192.0,0,0,8.462580645161289,16.66,12.205,31,0.0,0,0,Winter,0,0,27.801666666666662,29.62451612903226,28.14806451612903,29.46,31.71,29.89,11.892333333333335,10.156774193548388,12.591612903225805,0.0,0.0,0.0,0.0,0.0,0.0,195.06666666666666,125.58064516129032,218.58064516129033,38.0,4.59,4.06,26.0,23.0,24.0,31.227548434478326,36.23590212153218,30.82537127272755,0.0,0.0,0.0,-0.8453405017921156,-0.5376955815260137,0
2024,1,Nagpur,2024-01,28.20870967741936,30.71,29.77,29.915,12.766129032258064,15.44258064516129,-0.2815412186379926,30.102442190736845,33.0950449098432,22.653709677419354,62.046774193548394,1.6298387096774192,5.46,2,20.0,29.0,164.3548387096774,270.0,185.5,0,0,0,0.0,223.0,0,0,9.961612903225806,13.65,10.739999999999998,31,0.0,0,0,Winter,0,0,26.243225806451612,27.801666666666662,28.881290322580643,28.93,29.46,32.1,8.462580645161289,11.892333333333335,12.560967741935485,0.0,0.0,0.0,0.0,0.0,0.0,146.96774193548387,195.06666666666666,205.41935483870967,13.240000000000002,38.0,1.98,18.0,26.0,31.0,28.10741317983493,31.227548434478326,30.59414156176512,0.0,0.0,0.0,-0.29219354838708966,-0.18200201175241712,0
2024,2,Nagpur,2024-02,33.06724137931034,35.69,35.028000000000006,35.126000000000005,16.891724137931032,16.17551724137931,0.17944610371979672,34.756516702796496,40.38847440772236,27.51224137931035,42.5748275862069,1.9193103448275861,9.790000000000001,2,18.0,18.0,126.62068965517241,200.0,146.0,0,0,0,0.0,252.0,0,0,12.880344827586207,29.31,11.61,29,0.0,0,0,Winter,0,0,28.20870967741936,26.243225806451612,34.643214285714286,30.71,28.93,37.34,9.961612903225806,8.462580645161289,19.61785714285714,0.0,0.0,0.0,0.0,0.0,0.0,164.3548387096774,146.96774193548387,136.28571428571428,5.46,13.240000000000002,0.0,20.0,18.0,28.0,30.102442190736845,28.10741317983493,33.342589036459856,0.0,0.0,0.0,0.3109987684728992,0.16999005833587408,0
2024,3,Nagpur,2024-03,37.50870967741936,42.17,40.15,41.035,20.64548387096774,16.863225806451613,-0.1604659498207883,39.33551140459053,45.94490654658635,31.953709677419358,31.27516129032258,1.835806451612903,18.76,4,19.0,19.0,112.83870967741936,165.0,122.5,4,0,11,1.0,278.0,4,0,36.01903225806451,68.16,47.84,31,0.12903225806451613,0,1,Pre-Monsoon,1,0,33.06724137931034,28.20870967741936,36.08064516129032,35.69,30.71,39.9,12.880344827586207,9.961612903225806,26.17516129032258,0.0,0.0,0.0,0.0,0.0,0.0,126.62068965517241,164.3548387096774,130.3548387096774,9.790000000000001,5.46,14.889999999999999,18.0,20.0,16.0,34.756516702796496,30.102442190736845,36.884001833820015,0.0,0.0,0.0,-0.0683870967741882,-0.047620418193073555,2
2024,4,Nagpur,2024-04,39.74833333333333,42.5,42.216,42.2755,25.167333333333335,14.581,-1.8872962962962998,47.16037435570474,55.0110902221241,34.19333333333334,39.25266666666666,1.9358333333333335,63.970000000000006,13,2.0,7.0,96.86666666666666,154.0,110.75,19,0,2,0.0,8.0,19,0,48.799,64.53,63.957499999999996,30,0.6333333333333333,0,1,Pre-Monsoon,1,0,37.50870967741936,33.06724137931034,38.120000000000005,42.17,35.69,43.66,36.01903225806451,12.880344827586207,38.08066666666666,4.0,0.0,8.0,4.0,0.0,9.0,112.83870967741936,126.62068965517241,95.96666666666667,18.76,9.790000000000001,86.56,19.0,18.0,9.0,39.33551140459053,34.756516702796496,42.52852696579589,0.12903225806451613,0.0,0.3,-1.3319151515151546,-0.5366736807097598,3
2024,5,Nagpur,2024-05,42.555806451612895,47.56,46.37,47.04,27.764516129032256,14.791290322580645,-0.08609318996415856,50.73847411803908,59.52394153470746,37.00080645161291,33.940000000000005,2.4543548387096776,34.13999999999999,6,5.0,9.0,101.90322580645162,206.0,107.5,24,7,6,0.0,16.0,24,7,61.64129032258065,86.05,66.55,31,0.7741935483870968,1,1,Pre-Monsoon,1,0,39.74833333333333,37.50870967741936,40.755161290322576,42.5,42.17,44.74,48.799,36.01903225806451,52.839032258064506,19.0,4.0,22.0,19.0,4.0,22.0,96.86666666666666,112.83870967741936,88.45161290322581,63.970000000000006,18.76,39.23,2.0,19.0,18.0,47.16037435570474,39.33551140459053,48.829698513770005,0.6333333333333333,0.12903225806451613,0.7096774193548387,-0.08609318996415993,-0.04193861801008493,3
2024,6,Nagpur,2024-06,38.194,45.67,42.692,43.927,28.076000000000008,10.118,0.8639259259259233,51.33354146875992,58.11122378011526,32.639,55.85499999999999,2.6788333333333343,139.73,22,2.0,11.0,63.03333333333333,117.0,79.0,13,1,3,0.0,15.0,13,1,36.707000000000015,82.44,61.03,30,0.43333333333333335,1,1,Monsoon,0,1,42.555806451612895,39.74833333333333,39.70966666666667,47.56,42.5,44.62,61.64129032258065,48.799,46.48433333333334,24.0,19.0,20.0,24.0,19.0,20.0,101.90322580645162,96.86666666666666,72.36666666666666,34.13999999999999,63.970000000000006,130.38000000000002,5.0,2.0,16.0,50.73847411803908,47.16037435570474,46.855425053452436,0.7741935483870968,0.6333333333333333,0.6666666666666666,0.8639259259259262,0.36041419538087655,2
2024,7,Nagpur,2024-07,31.258387096774193,33.45,32.73,33.260000000000005,25.00709677419355,6.251290322580646,0.17369175627240485,43.85584952582135,51.42441806994389,25.703387096774197,85.56870967741936,3.0570967741935484,747.52,31,0.0,0.0,44.193548387096776,68.0,49.0,0,0,0,0.0,45.0,0,0,4.223870967741936,6.37,4.21,31,0.0,0,0,Monsoon,0,1,38.194,42.555806451612895,31.770967741935483,45.67,47.56,35.62,36.707000000000015,61.64129032258065,4.720967741935484,13.0,24.0,0.0,13.0,24.0,0.0,63.03333333333333,101.90322580645162,40.38709677419355,139.73,34.13999999999999,523.1999999999999,2.0,5.0,0.0,51.33354146875992,50.73847411803908,44.8343441752823,0.43333333333333335,0.7741935483870968,0.0,0.17369175627240097,0.18694268865613062,0
2024,8,Nagpur,2024-08,29.834193548387095,31.91,31.33,31.695,24.24677419354838,5.58741935483871,-0.17301075268817273,39.60285521638563,45.93264020831609,24.27919354838709,88.36483870967741,2.2546774193548385,253.83,26,0.0,2.0,45.96774193548387,66.0,50.0,0,0,0,0.0,76.0,0,0,4.026129032258064,6.62,4.4399999999999995,31,0.0,0,0,Monsoon,0,1,31.258387096774193,38.194,29.921290322580642,33.45,45.67,31.41,4.223870967741936,36.707000000000015,5.478387096774193,0.0,13.0,0.0,0.0,13.0,0.0,44.193548387096776,63.03333333333333,60.32258064516129,747.52,139.73,217.70999999999998,0.0,2.0,5.0,43.85584952582135,51.33354146875992,39.2775354744961,0.0,0.43333333333333335,0.0,-0.17301075268817456,-0.32852145362522966,0
2024,9,Nagpur,2024-09,29.86133333333333,31.56,31.162,31.212999999999997,23.904999999999994,5.956333333333334,-0.18392592592592744,39.976920639705185,45.15935408433063,24.306333333333335,89.18833333333333,2.258833333333334,272.72,23,0.0,2.0,60.06666666666667,90.0,69.75,0,0,0,0.0,106.0,0,0,4.877999999999999,6.57,5.595000000000001,30,0.0,0,0,Monsoon,0,1,29.834193548387095,31.258387096774193,30.217,31.91,33.45,32.33,4.026129032258064,4.223870967741936,4.6979999999999995,0.0,0.0,0.0,0.0,0.0,0.0,45.96774193548387,44.193548387096776,54.6,253.83,747.52,329.74000000000007,0.0,0.0,0.0,39.60285521638563,43.85584952582135,40.30015285552768,0.0,0.0,0.0,-0.1839259259259265,-0.2920169141769504,0
2024,10,Nagpur,2024-10,30.295483870967743,32.25,31.68,32.055,21.678709677419352,8.616774193548387,0.5464157706093207,39.66932522952069,46.34739240038589,24.74048387096774,83.03483870967744,1.539516129032258,36.17,8,10.0,12.0,103.64516129032258,194.0,125.5,0,0,0,0.0,137.0,0,0,7.924193548387097,12.17,9.34,31,0.0,0,0,Post-Monsoon,0,0,29.86133333333333,29.834193548387095,29.62451612903226,31.56,31.91,31.71,4.877999999999999,4.026129032258064,10.156774193548388,0.0,0.0,0.0,0.0,0.0,0.0,60.06666666666667,45.96774193548387,125.58064516129032,272.72,253.83,4.59,0.0,0.0,23.0,39.976920639705185,39.60285521638563,36.23590212153218,0.0,0.0,0.0,0.5464157706093182,0.43876459245653165,0
2024,11,Nagpur,2024-11,27.152666666666665,30.09,29.018,29.4495,14.710333333333333,12.442333333333332,-0.7597037037037057,29.822512728310123,35.66657842958912,21.597666666666665,74.75533333333333,1.491,0.0,0,30.0,42.0,172.1,238.0,203.5,0,0,0,0.0,167.0,0,0,11.579333333333336,14.76,12.3725,30,0.0,0,0,Post-Monsoon,0,0,30.295483870967743,29.86133333333333,27.801666666666662,32.25,31.56,29.46,7.924193548387097,4.877999999999999,11.892333333333335,0.0,0.0,0.0,0.0,0.0,0.0,103.64516129032258,60.06666666666667,195.06666666666666,36.17,272.72,38.0,10.0,0.0,26.0,39.66932522952069,39.976920639705185,31.227548434478326,0.0,0.0,0.0,-0.7597037037037033,-0.36232871803890965,0
2024,12,Nagpur,2024-12,27.400000000000002,30.19,29.18,29.395,13.56967741935484,13.830322580645161,0.3114336917562726,30.14222910536247,36.98228252639454,21.844999999999995,69.83322580645161,1.8620967741935486,9.1,4,18.0,48.0,140.61290322580646,215.0,172.0,0,0,0,0.0,198.0,0,0,9.127741935483872,14.61,11.125,31,0.0,0,0,Winter,0,0,27.152666666666665,30.295483870967743,26.243225806451612,30.09,32.25,28.93,11.579333333333336,7.924193548387097,8.462580645161289,0.0,0.0,0.0,0.0,0.0,0.0,172.1,103.64516129032258,146.96774193548387,0.0,36.17,13.240000000000002,30.0,10.0,18.0,29.822512728310123,39.66932522952069,28.10741317983493,0.0,0.0,0.0,0.31143369175627456,0.1980935725198033,0
2025,1,Nagpur,2025-01,29.79483870967742,33.94,33.07,33.370000000000005,12.208387096774194,17.586451612903225,1.3045878136200726,30.94734202394425,35.762644693184285,24.239838709677418,51.269999999999996,1.774516129032258,0.17,0,28.0,34.0,153.3548387096774,243.0,175.0,0,0,0,0.0,229.0,0,0,10.808709677419355,14.67,11.72,31,0.0,0,0,Winter,0,0,27.400000000000002,27.152666666666665,28.20870967741936,30.19,30.09,30.71,9.127741935483872,11.579333333333336,9.961612903225806,0.0,0.0,0.0,0.0,0.0,0.0,140.61290322580646,172.1,164.3548387096774,9.1,0.0,5.46,18.0,30.0,20.0,30.14222910536247,29.822512728310123,30.102442190736845,0.0,0.0,0.0,1.2939354838709711,0.8059687232736975,0
2025,2,Nagpur,2025-02,34.955000000000005,37.1,36.109,36.213,17.18035714285714,17.774642857142858,2.067204724409452,34.37777089700011,38.21258031869835,29.400000000000002,27.944642857142856,1.8708928571428571,0.0,0,28.0,62.0,116.92857142857143,189.0,126.25,0,0,0,0.0,257.0,0,0,19.451785714285712,29.85,29.75,28,0.0,0,0,Winter,0,0,29.79483870967742,27.400000000000002,33.06724137931034,33.94,30.19,35.69,10.808709677419355,9.127741935483872,12.880344827586207,0.0,0.0,0.0,0.0,0.0,0.0,153.3548387096774,140.61290322580646,126.62068965517241,0.17,9.1,9.790000000000001,28.0,18.0,18.0,30.94734202394425,30.14222910536247,34.756516702796496,0.0,0.0,0.0,2.198757389162566,1.2018275785640264,0
2025,3,Nagpur,2025-03,39.20387096774193,41.82,41.48,41.615,20.880967741935482,18.322903225806453,1.534695340501792,38.063533674903375,41.64135332061894,33.648870967741935,18.359677419354842,2.015967741935484,0.19,0,31.0,93.0,123.87096774193549,178.0,147.0,12,0,24,7.0,268.0,13,0,50.64645161290322,68.36,67.325,31,0.41935483870967744,0,1,Pre-Monsoon,1,0,34.955000000000005,29.79483870967742,37.50870967741936,37.1,33.94,42.17,19.451785714285712,10.808709677419355,36.01903225806451,0.0,0.0,4.0,0.0,0.0,4.0,116.92857142857143,153.3548387096774,112.83870967741936,0.0,0.17,18.76,28.0,28.0,19.0,34.37777089700011,30.94734202394425,39.33551140459053,0.0,0.0,0.12903225806451613,1.6267741935483784,1.1327819289985257,2
2025,4,Nagpur,2025-04,42.35466666666668,45.34,45.244,45.302,25.961999999999996,16.39266666666667,0.7190370370370336,44.62312223450321,49.98079249799218,36.79966666666666,24.091666666666672,1.9765000000000004,18.490000000000002,6,13.0,94.0,158.0,158.0,158.0,26,4,13,13.0,26.0,26,4,65.67466666666665,87.71,69.19999999999999,30,0.8666666666666667,1,1,Pre-Monsoon,1,0,39.20387096774193,34.955000000000005,39.74833333333333,41.82,37.1,42.5,50.64645161290322,19.451785714285712,48.799,12.0,0.0,19.0,13.0,0.0,19.0,123.87096774193549,116.92857142857143,96.86666666666666,0.19,0.0,63.970000000000006,31.0,28.0,2.0,38.063533674903375,34.37777089700011,47.16037435570474,0.41935483870967744,0.0,0.6333333333333333,1.2744181818181985,0.5135062061736976,3
2025,5,Nagpur,2025-05,39.25290322580645,43.53,42.7,43.105000000000004,27.434838709677415,11.81806451612903,-3.38899641577061,51.02622162149541,64.1388095509863,33.69790322580645,48.7683870967742,2.1666129032258064,86.44000000000001,15,0.0,5.0,158.0,158.0,158.0,13,0,2,0.0,30.0,13,0,46.74709677419355,64.98,64.235,31,0.41935483870967744,0,1,Pre-Monsoon,1,0,42.35466666666668,39.20387096774193,42.555806451612895,45.34,41.82,47.56,65.67466666666665,50.64645161290322,61.64129032258065,26.0,12.0,24.0,26.0,13.0,24.0,158.0,123.87096774193549,101.90322580645162,18.490000000000002,0.19,34.13999999999999,13.0,31.0,5.0,44.62312223450321,38.063533674903375,50.73847411803908,0.8666666666666667,0.41935483870967744,0.7741935483870968,-3.388996415770606,-1.6508834923844522,2
2025,6,Nagpur,2025-06,36.312,45.03,41.724000000000004,44.456,26.083000000000002,10.229000000000001,-1.0180740740740766,49.21388611067294,63.25752180574903,30.757,62.013999999999996,3.246833333333333,157.36,22,0.0,5.0,158.0,158.0,158.0,5,1,1,0.0,19.0,5,1,31.067666666666664,83.15,46.6125,30,0.16666666666666666,1,1,Monsoon,0,1,39.25290322580645,42.35466666666668,38.194,43.53,45.34,45.67,46.74709677419355,65.67466666666665,36.707000000000015,13.0,26.0,13.0,13.0,26.0,13.0,158.0,158.0,63.03333333333333,86.44000000000001,18.490000000000002,139.73,0.0,13.0,2.0,51.02622162149541,44.62312223450321,51.33354146875992,0.41935483870967744,0.8666666666666667,0.43333333333333335,-1.0180740740740788,-0.4247220013131089,2
2025,7,Nagpur,2025-07,29.896451612903228,33.51,32.4,32.43,24.194193548387094,5.702258064516126,-1.1882437275985627,39.05092732120835,47.74912743081307,24.341451612903228,85.89580645161288,3.368548387096774,517.9999999999999,28,0.0,1.0,158.0,158.0,158.0,0,0,0,0.0,50.0,0,0,9.16193548387097,10.12,9.940000000000001,31,0.0,0,0,Monsoon,0,1,36.312,39.25290322580645,31.258387096774193,45.03,43.53,33.45,31.067666666666664,46.74709677419355,4.223870967741936,5.0,13.0,0.0,5.0,13.0,0.0,158.0,158.0,44.193548387096776,157.36,86.44000000000001,747.52,0.0,0.0,0.0,49.21388611067294,51.02622162149541,43.85584952582135,0.16666666666666666,0.41935483870967744,0.0,-1.1882437275985644,-1.2788947615204393,0
2025,8,Nagpur,2025-08,30.613225806451613,32.3,31.99,32.144999999999996,24.108709677419352,6.5045161290322575,0.606021505376343,41.49275703160687,45.91082135209538,25.05822580645161,85.6332258064516,2.003870967741936,293.23999999999995,24,0.0,4.0,158.0,158.0,158.0,0,0,0,0.0,81.0,0,0,9.55774193548387,10.33,10.024999999999999,31,0.0,0,0,Monsoon,0,1,29.896451612903228,36.312,29.834193548387095,33.51,45.03,31.91,9.16193548387097,31.067666666666664,4.026129032258064,0.0,5.0,0.0,0.0,5.0,0.0,158.0,158.0,45.96774193548387,517.9999999999999,157.36,253.83,0.0,0.0,0.0,39.05092732120835,49.21388611067294,39.60285521638563,0.0,0.16666666666666666,0.0,0.6060215053763436,1.1507438860359018,0
2025,9,Nagpur,2025-09,30.046333333333333,31.35,30.911,31.041,23.864333333333335,6.1819999999999995,0.0010740740740728097,40.324170097986304,44.15834046490264,24.49133333333333,88.21233333333333,1.7261666666666666,299.23,26,0.0,2.0,158.0,158.0,158.0,0,0,0,0.0,111.0,0,0,9.348666666666666,10.23,10.0,30,0.0,0,0,Monsoon,0,1,30.613225806451613,29.896451612903228,29.86133333333333,32.3,33.51,31.56,9.55774193548387,9.16193548387097,4.877999999999999,0.0,0.0,0.0,0.0,0.0,0.0,158.0,158.0,60.06666666666667,293.23999999999995,517.9999999999999,272.72,0.0,0.0,0.0,41.49275703160687,39.05092732120835,39.976920639705185,0.0,0.0,0.0,0.0010740740740757815,0.0017052941021234388,0
2025,10,Nagpur,2025-10,28.820967741935483,30.78,29.81,30.075,21.327419354838714,7.493548387096774,-0.9281003584229371,35.931606206208386,42.49173171763968,23.265967741935487,87.4735483870968,2.0090322580645164,81.79,14,2.0,7.0,158.0,158.0,158.0,0,0,0,0.0,142.0,0,0,9.208064516129031,11.18,9.34,31,0.0,0,0,Post-Monsoon,0,0,30.046333333333333,30.613225806451613,30.295483870967743,31.35,32.3,32.25,9.348666666666666,9.55774193548387,7.924193548387097,0.0,0.0,0.0,0.0,0.0,0.0,158.0,158.0,103.64516129032258,299.23,293.23999999999995,36.17,0.0,0.0,10.0,40.324170097986304,41.49275703160687,39.66932522952069,0.0,0.0,0.0,-0.9281003584229417,-0.7452522372626749,0
2025,11,Nagpur,2025-11,25.718333333333327,30.76,29.737000000000002,29.991,13.447999999999999,12.270333333333332,-2.1940370370370386,28.038202982454653,42.0852864405621,20.163333333333334,77.46566666666668,1.6531666666666667,12.709999999999999,4,16.0,12.0,158.0,158.0,158.0,0,0,0,0.0,172.0,0,0,8.941333333333334,10.13,9.434999999999999,30,0.0,0,0,Post-Monsoon,0,0,28.820967741935483,30.046333333333333,27.152666666666665,30.78,31.35,30.09,9.208064516129031,9.348666666666666,11.579333333333336,0.0,0.0,0.0,0.0,0.0,0.0,158.0,158.0,172.1,81.79,299.23,0.0,2.0,0.0,30.0,35.931606206208386,40.324170097986304,29.822512728310123,0.0,0.0,0.0,-2.1940370370370417,-1.046411414192035,0
2025,12,Nagpur,2025-12,24.94548387096775,26.46,25.86,26.049999999999997,9.256451612903225,15.689032258064518,-2.1430824372759862,25.915057172360456,27.17867663061393,19.39048387096774,68.50419354838711,1.7953225806451614,0.0,0,31.0,43.0,158.0,158.0,158.0,0,0,0,0.0,203.0,0,0,9.812580645161294,10.68,9.72,31,0.0,0,0,Winter,0,0,25.718333333333327,28.820967741935483,27.400000000000002,30.76,30.78,30.19,8.941333333333334,9.208064516129031,9.127741935483872,0.0,0.0,0.0,0.0,0.0,0.0,158.0,158.0,140.61290322580646,12.709999999999999,81.79,9.1,16.0,2.0,18.0,28.038202982454653,35.931606206208386,30.14222910536247,0.0,0.0,0.0,-2.1430824372759787,-1.363150061929331,0
2026,1,Nagpur,2026-01,28.596774193548388,30.1,30.0,30.05,16.174193548387095,,,,,,66.0,10.00322580645161,0.3,0,0.0,,158.0,158.0,158.0,0,0,0,0.0,,0,0,,,,31,0.0,0,0,Winter,0,0,24.94548387096775,25.718333333333327,29.79483870967742,26.46,30.76,33.94,9.812580645161294,8.941333333333334,10.808709677419355,0.0,0.0,0.0,0.0,0.0,0.0,158.0,158.0,153.3548387096774,0.0,12.709999999999999,0.17,31.0,16.0,28.0,25.915057172360456,28.038202982454653,30.94734202394425,0.0,0.0,0.0,0.09587096774193782,0.05971627058160852,0
2026,2,Nagpur,2026-02,31.457142857142856,33.7,32.730000000000004,33.254999999999995,19.535714285714285,,,,,,56.964285714285715,10.910714285714286,0.3,0,0.0,,158.0,158.0,158.0,0,0,0,0.0,,0,0,,,,28,0.0,0,0,Winter,0,0,28.596774193548388,24.94548387096775,34.955000000000005,30.1,26.46,37.1,,9.812580645161294,19.451785714285712,0.0,0.0,0.0,0.0,0.0,0.0,158.0,158.0,116.92857142857143,0.3,0.0,0.0,0.0,31.0,28.0,,25.915057172360456,34.37777089700011,0.0,0.0,0.0,-1.299099753694584,-0.7100801202494335,0
2026,3,Nagpur,2026-03,36.748387096774195,39.7,38.7,38.8,23.85161290322581,,,,,,44.54838709677419,13.522580645161291,6.1000000000000005,1,0.0,,158.0,158.0,158.0,0,0,0,0.0,,0,0,,,,31,0.0,0,0,Pre-Monsoon,1,0,31.457142857142856,28.596774193548388,39.20387096774193,33.7,30.1,41.82,,,50.64645161290322,0.0,0.0,12.0,0.0,0.0,13.0,158.0,158.0,123.87096774193549,0.3,0.3,0.19,0.0,0.0,31.0,,,38.063533674903375,0.0,0.0,0.41935483870967744,-0.8287096774193543,-0.5770606336698842,0
2026,4,Nagpur,2026-04,36.08181818181818,38.3,37.3,37.8,24.7,,,,,,53.18181818181818,14.681818181818182,0.7,0,0.0,,158.0,158.0,158.0,0,0,0,0.0,,0,0,,,,11,0.0,0,0,Pre-Monsoon,1,0,36.748387096774195,31.457142857142856,42.35466666666668,39.7,33.7,45.34,,,65.67466666666665,0.0,0.0,26.0,0.0,0.0,26.0,158.0,158.0,158.0,6.1000000000000005,0.3,18.490000000000002,0.0,0.0,13.0,,,44.62312223450321,0.0,0.0,0.8666666666666667,-4.998430303030304,-2.0140366940393286,0
